Date,Time,FeO_Before_Mixer
3/21/2019,2:00,21.51
3/21/2019,10:00,21.97
3/21/2019,18:00,21.66
3/22/2019,2:00,21.47
3/22/2019,10:00,21.66
3/22/2019,18:00,21.66
3/23/2019,2:00,21.47
3/23/2019,10:00,22.08
3/23/2019,18:00,20.82
3/24/2019,2:00,21.36
3/24/2019,10:00,21
3/24/2019,18:00,21.36
3/25/2019,2:00,21.38
3/25/2019,10:00,22.69
3/25/2019,18:00,22.23
3/26/2019,2:00,21.05
3/26/2019,10:00,21.5
3/26/2019,18:00,21.77
3/27/2019,2:00,22.27
3/27/2019,10:00,20.9
3/27/2019,18:00,21.77
3/28/2019,2:00,20.7
3/28/2019,10:00,20.9
3/28/2019,18:00,22.69
3/29/2019,2:00,21.46
3/29/2019,10:00,21.66
3/29/2019,18:00,22.27
3/30/2019,2:00,23.1
3/30/2019,10:00,22.43
3/30/2019,18:00,22.73
3/31/2019,2:00,23.61
3/31/2019,10:00,23
3/31/2019,18:00,23.96
4/1/2019,2:00,24.1
4/1/2019,10:00,24.22
4/1/2019,18:00,23.64
4/2/2019,2:00,22.73
4/2/2019,10:00,24.25
4/2/2019,18:00,24.07
4/3/2019,2:00,23.95
4/3/2019,10:00,22.65
4/3/2019,18:00,23.92
4/4/2019,2:00,22.73
4/4/2019,10:00,23.65
4/4/2019,18:00,22.69
4/5/2019,2:00,22.69
4/5/2019,10:00,21.51
4/5/2019,18:00,22.68
4/6/2019,2:00,22.54
4/6/2019,10:00,21.51
4/6/2019,18:00,21.2
4/7/2019,2:00,22.88
4/7/2019,10:00,21.81
4/7/2019,18:00,22.88
4/10/2019,10:00,21.05
4/10/2019,18:00,21.77
4/11/2019,2:00,21.51
4/11/2019,10:00,23.11
4/11/2019,18:00,20.7
4/12/2019,2:00,21.59
4/12/2019,10:00,20.14
4/12/2019,18:00,21.97
4/13/2019,2:00,22.23
4/13/2019,10:00,21.36
4/13/2019,18:00,21.05
4/14/2019,2:00,21.46
4/14/2019,10:00,23.19
4/14/2019,18:10,23.04
4/15/2019,2:00,22.5
4/15/2019,10:00,22.88
4/15/2019,18:00,22.27
4/16/2019,2:00,21.89
4/16/2019,10:00,22.23
4/16/2019,18:00,21.05
4/17/2019,2:00,21.81
4/17/2019,10:00,21.46
4/17/2019,18:00,21.66
4/18/2019,2:00,22.81
4/18/2019,10:00,21.8
4/18/2019,18:00,23.4
4/19/2019,2:00,21.05
4/19/2019,10:00,21.81
4/19/2019,18:00,20.6
4/20/2019,2:00,19.26
4/20/2019,10:00,21.7
4/20/2019,18:00,19.6
4/21/2019,2:00,22.78
4/21/2019,10:00,22.85
4/21/2019,18:00,23.5
4/22/2019,2:00,22.57
4/22/2019,10:00,22.28
4/22/2019,18:00,22.7
4/23/2019,2:00,22.78
4/23/2019,10:00,22.28
4/23/2019,18:00,22.27
4/24/2019,2:00,22.3
4/24/2019,10:00,22.49
4/24/2019,18:00,23.57
4/25/2019,2:00,23.71
4/25/2019,10:00,23.36
4/25/2019,18:00,21.56
4/26/2019,2:00,21.7
4/26/2019,10:00,22.35
4/26/2019,18:00,21.34
4/27/2019,2:00,21.13
4/27/2019,10:00,21.68
4/27/2019,18:00,21.19
4/28/2019,2:00,20.55
4/28/2019,10:00,22.13
4/28/2019,18:00,21.99
4/29/2019,2:00,21.34
4/29/2019,10:00,21.7
4/29/2019,18:00,22.2
4/30/2019,2:00,21.92
4/30/2019,10:00,21.27
4/30/2019,18:00,22.13
5/1/2019,2:00,20.97
5/1/2019,10:00,21.85
5/1/2019,18:00,21.7
5/2/2019,2:00,21.99
5/2/2019,10:00,22.49
5/2/2019,18:00,21.7
5/3/2019,2:00,22.56
5/3/2019,10:00,22.78
5/3/2019,18:00,21.85
5/4/2019,2:00,22.27
5/4/2019,10:00,22.99
5/4/2019,18:00,22.71
5/5/2019,2:00,22.27
5/5/2019,10:00,22.13
5/5/2019,18:00,22.64
5/6/2019,2:00,21.41
5/6/2019,10:00,22.13
5/6/2019,18:00,23.85
5/7/2019,2:00,23.22
5/7/2019,10:00,22.27
5/7/2019,18:00,22.78
5/8/2019,2:00,24.23
5/8/2019,10:00,23.25
5/8/2019,18:00,23.53
5/9/2019,2:00,21.8
5/9/2019,10:00,22.42
5/9/2019,18:00,23.14
5/10/2019,2:00,23.85
5/10/2019,10:00,23.42
5/10/2019,18:00,22.13
5/11/2019,2:00,23.28
5/11/2019,10:00,23.86
5/11/2019,18:00,23.57
5/12/2019,2:00,24.57
5/12/2019,10:00,20.54
5/12/2019,18:00,23.32
5/13/2019,2:00,22.85
5/13/2019,10:00,24
5/13/2019,18:00,23.33
5/14/2019,2:00,23.14
5/14/2019,10:00,24.14
5/14/2019,18:00,24.43
5/15/2019,2:00,23.61
5/15/2019,10:00,23.42
5/15/2019,18:00,22.85
5/16/2019,2:00,22.75
5/16/2019,10:00,23.28
5/16/2019,18:00,22.42
5/17/2019,2:00,23.17
5/17/2019,10:00,21.27
5/17/2019,18:00,21.56
5/18/2019,2:00,21.41
5/18/2019,10:00,21.31
5/18/2019,18:00,20.84
5/19/2019,2:00,21.7
5/19/2019,10:00,21.41
5/19/2019,18:00,21.12
5/20/2019,2:00,21.99
5/20/2019,10:00,21.99
5/20/2019,18:00,21.31
5/21/2019,2:00,20.84
5/21/2019,10:00,22.17
5/21/2019,18:00,20.88
5/22/2019,2:00,19.69
5/22/2019,10:00,21.56
5/22/2019,18:00,20.3
5/23/2019,2:00,20.16
5/23/2019,10:00,19.54
5/23/2019,18:00,19.9
5/24/2019,2:00,18.86
5/24/2019,10:00,18.54
5/24/2019,18:00,19.2
5/25/2019,2:00,22.12
5/25/2019,10:00,20.63
5/25/2019,18:00,20.63
5/26/2019,2:00,20.26
5/26/2019,18:00,19.26
5/28/2019,2:00,20.84
5/28/2019,10:00,21.12
5/28/2019,18:00,21.74
5/29/2019,2:00,19.83
5/29/2019,10:00,22.27
5/29/2019,18:00,21.16
5/30/2019,2:00,21.41
5/30/2019,10:00,21.84
5/30/2019,18:00,22.27
5/31/2019,2:00,22.31
5/31/2019,10:00,21.7
5/31/2019,18:00,22.25
6/1/2019,2:00,21.59
6/1/2019,10:00,21.56
6/1/2019,18:00,21.27
6/2/2019,2:00,21.7
6/2/2019,10:00,21.66
6/2/2019,18:00,21.41
6/3/2019,2:00,21.74
6/3/2019,10:00,22.03
6/3/2019,18:00,21.41
6/4/2019,2:00,20.98
6/4/2019,10:00,21.45
6/4/2019,18:00,20.98
6/5/2019,2:00,20.98
6/5/2019,10:00,20.98
6/5/2019,18:00,20.88
6/6/2019,2:00,20.71
6/6/2019,10:00,20.55
6/6/2019,18:00,21.05
6/7/2019,2:00,20.69
6/7/2019,10:00,21.41
6/7/2019,18:00,20.7
6/8/2019,2:00,21.63
6/8/2019,10:00,21.85
6/8/2019,18:00,21.09
6/9/2019,2:00,21.06
6/9/2019,10:00,21.56
6/9/2019,18:00,20.99
6/10/2019,2:00,22.3
6/10/2019,10:00,21.56
6/10/2019,18:00,22.13
6/11/2019,2:00,22.1
6/13/2019,2:00,21.14
6/13/2019,10:00,21.81
6/13/2019,18:00,20.35
6/14/2019,18:00,20.78
6/15/2019,18:00,20.92
6/16/2019,2:00,20.92
6/16/2019,10:00,20.85
6/16/2019,18:00,20.5
6/17/2019,2:00,20.63
6/17/2019,10:00,19.86
6/17/2019,18:00,21.28
6/18/2019,2:00,20.07
6/18/2019,10:00,20.57
6/18/2019,18:00,20.14
6/19/2019,2:00,22.05
6/19/2019,10:00,20.78
6/19/2019,18:00,21.28
6/20/2019,2:00,22.56
6/20/2019,10:00,21.63
6/20/2019,18:00,21.13
6/21/2019,2:00,23.41
6/21/2019,10:00,23.03
6/22/2019,10:00,22.28
6/22/2019,18:00,21.35
6/23/2019,2:00,21.56
6/23/2019,10:00,21.7
6/23/2019,18:00,22.28
6/24/2019,2:00,20.21
6/24/2019,10:00,19.15
6/24/2019,18:00,22.2
6/25/2019,2:00,21.92
6/25/2019,10:00,20.57
6/25/2019,18:00,21.14
6/26/2019,2:00,23.34
6/26/2019,10:00,21.28
6/26/2019,18:00,21.99
6/27/2019,2:00,21.15
6/27/2019,10:00,20.92
6/27/2019,18:00,21.56
6/28/2019,2:00,22.13
6/28/2019,10:00,21.56
6/28/2019,18:00,21.42
6/29/2019,2:00,21.21
6/29/2019,10:00,22.2
6/29/2019,18:00,22.77
6/30/2019,2:00,21.63
6/30/2019,10:00,22.85
6/30/2019,18:00,23.05
7/1/2019,2:00,22.13
7/1/2019,10:00,22.55
7/1/2019,18:00,23.34
7/2/2019,2:00,22.77
7/2/2019,10:00,20.85
7/2/2019,18:00,23.9
7/3/2019,2:00,22.63
7/3/2019,10:00,22.98
7/3/2019,18:00,22.55
7/4/2019,2:00,22.15
7/4/2019,10:00,21.28
7/4/2019,18:00,22.13
7/5/2019,2:00,22
7/5/2019,10:00,21.63
7/5/2019,18:00,22.7
7/6/2019,2:00,22.98
7/6/2019,10:00,22.13
7/6/2019,18:00,21.42
7/7/2019,2:00,22.7
7/7/2019,10:00,22.49
7/7/2019,18:00,22.35
7/8/2019,2:00,21.7
7/8/2019,10:00,22.63
7/8/2019,18:00,20.26
7/9/2019,2:00,21.14
7/9/2019,10:00,21.28
7/9/2019,18:00,21.45
7/10/2019,2:00,21.99
7/10/2019,10:00,20.51
7/10/2019,18:00,21.31
7/11/2019,2:00,22.57
7/11/2019,10:00,21.76
7/11/2019,18:00,22.2
7/12/2019,2:00,24.17
7/12/2019,10:00,22.2
7/12/2019,18:00,22.48
7/13/2019,2:00,23.13
7/13/2019,10:00,23.44
7/13/2019,18:00,22.34
7/14/2019,2:00,22.62
7/14/2019,10:00,22.71
7/14/2019,18:00,22.5
7/15/2019,2:00,22.48
7/15/2019,10:00,22.55
7/15/2019,18:00,22.56
7/16/2019,2:00,21.37
7/16/2019,10:00,22.12
7/16/2019,18:00,23.72
7/17/2019,2:00,22.07
7/17/2019,10:00,23.06
7/17/2019,18:00,22.73
7/18/2019,2:00,26.47
7/18/2019,10:00,23.6
7/18/2019,18:00,23.87
7/19/2019,2:00,24.3
7/19/2019,10:00,23.2
7/19/2019,18:00,22.9
7/20/2019,2:00,23.7
7/20/2019,10:00,24.16
7/20/2019,18:00,23.89
7/21/2019,2:00,24.6
7/21/2019,10:00,23.6
7/21/2019,18:00,22.2
7/22/2019,2:00,23.74
7/22/2019,10:00,24.38
7/22/2019,18:00,23.62
7/23/2019,2:00,23.04
7/24/2019,2:00,23.08
7/24/2019,10:00,24.3
7/24/2019,18:00,23.14
7/25/2019,2:00,23.52
7/25/2019,10:00,24.09
7/25/2019,18:00,25.18
7/27/2019,2:00,24.15
7/27/2019,10:00,24.68
7/27/2019,18:00,23.74
7/28/2019,2:00,23.81
7/28/2019,10:00,24.39
7/28/2019,18:00,23.95
7/29/2019,2:00,23.73
7/29/2019,10:00,23.81
7/29/2019,18:00,23.81
7/30/2019,2:00,23.52
7/30/2019,10:00,23.66
7/30/2019,18:00,22.79
7/31/2019,2:00,23.52
7/31/2019,10:00,23.66
7/31/2019,18:00,22.63
8/1/2019,2:00,21.77
8/1/2019,10:00,22.64
8/1/2019,18:00,21.84
8/2/2019,2:00,22.06
8/2/2019,10:00,22.07
8/2/2019,18:00,22.86
8/3/2019,2:00,22.56
8/3/2019,10:00,22.5
8/3/2019,18:00,21.49
8/4/2019,2:00,23.14
8/4/2019,10:00,22.62
8/4/2019,18:00,19.9
8/5/2019,2:00,22.64
8/5/2019,10:00,21.77
8/5/2019,18:00,22.65
8/6/2019,2:00,21.79
8/6/2019,10:00,23.08
8/6/2019,18:00,23.08
8/7/2019,2:00,23.08
8/7/2019,10:00,23.59
8/7/2019,18:00,22.65
8/8/2019,2:00,23.37
8/8/2019,10:00,23.15
8/9/2019,2:00,21.65
8/9/2019,10:00,22.35
8/9/2019,18:00,23.14
8/10/2019,2:00,21.77
8/10/2019,10:00,22.79
8/10/2019,18:00,23.15
8/11/2019,2:00,23
8/11/2019,10:00,22.86
8/11/2019,18:00,23.01
8/12/2019,2:00,23.14
8/12/2019,10:00,22.94
8/12/2019,18:00,22.65
8/13/2019,2:00,22.94
8/13/2019,10:00,23.51
8/13/2019,18:00,23.08
8/14/2019,2:00,23.4
8/14/2019,10:00,22.94
8/14/2019,18:00,23.23
8/15/2019,2:00,23.23
8/15/2019,10:00,23.43
8/15/2019,18:00,23.08
8/16/2019,2:00,23.23
8/16/2019,10:00,23.28
8/16/2019,18:00,23.29
8/17/2019,2:00,22.21
8/17/2019,10:00,23.11
8/17/2019,18:00,21.98
8/18/2019,2:00,22.79
8/18/2019,10:00,22.7
8/18/2019,18:00,22.56
8/19/2019,2:00,22.71
8/19/2019,10:00,23.27
8/19/2019,18:00,22.78
8/20/2019,2:00,23.86
8/20/2019,10:00,23.35
8/20/2019,18:00,23.64
8/21/2019,2:00,23.64
8/21/2019,10:00,23.64
8/21/2019,18:00,20.91
8/22/2019,2:00,22.56
8/22/2019,10:00,23.28
8/22/2019,18:00,22.63
8/23/2019,2:00,22.56
9/23/2019,18:00,22.67
9/24/2019,2:00,20.03
9/24/2019,18:00,19.39
9/25/2019,2:00,22.1
9/25/2019,18:00,22.71
9/26/2019,2:00,22.38
9/26/2019,10:00,20.74
9/27/2019,10:00,22.78
9/27/2019,18:00,20.82
9/28/2019,2:00,22.1
9/28/2019,10:00,22.1
9/28/2019,18:00,21.89
9/29/2019,2:00,22.1
9/29/2019,10:00,21.53
9/29/2019,18:00,21.81
10/2/2019,18:00,22.67
10/3/2019,2:00,21.38
10/3/2019,10:00,21.13
10/3/2019,18:00,20.12
10/4/2019,2:00,22.24
10/4/2019,10:00,21.46
10/4/2019,18:00,22.73
10/5/2019,2:00,21.03
10/5/2019,10:00,22.97
10/5/2019,18:00,21.1
10/6/2019,2:00,19.4
10/6/2019,18:00,20.59
10/7/2019,2:00,23.43
10/7/2019,10:00,23.17
10/7/2019,18:00,23.14
10/9/2019,2:00,23.14
10/9/2019,10:00,21.57
10/9/2019,18:00,20.77
10/10/2019,2:00,20.91
10/10/2019,10:00,16.71
10/10/2019,18:00,20.05
10/11/2019,2:00,20.06
10/11/2019,10:00,22.2
10/11/2019,18:00,20.75
10/12/2019,2:00,20.21
10/12/2019,10:00,22
10/12/2019,18:00,20.18
10/13/2019,2:00,21.76
10/13/2019,10:00,21.34
10/13/2019,18:00,20.5
10/14/2019,2:00,22.47
10/14/2019,10:00,21.72
10/14/2019,18:00,21.71
10/15/2019,2:00,22.47
10/16/2019,2:00,22.42
10/16/2019,10:00,23.46
10/16/2019,18:00,21.2
10/17/2019,2:00,20.78
10/17/2019,10:00,21.47
10/17/2019,18:00,20.34
10/18/2019,2:00,20.98
10/19/2019,2:00,22.19
10/19/2019,10:00,21.61
10/19/2019,18:00,22.63
10/20/2019,2:00,22.63
10/20/2019,10:00,22.06
10/20/2019,18:00,20.61
10/21/2019,2:00,21.05
10/21/2019,10:00,22.15
10/22/2019,2:00,21.75
10/22/2019,10:00,22.75
10/22/2019,18:00,20.64
10/23/2019,2:00,19.75
10/23/2019,10:00,22.61
10/23/2019,18:00,19.92
10/24/2019,2:00,20.63
10/24/2019,10:00,21.62
10/24/2019,18:00,21.27
10/25/2019,2:00,21.35
10/25/2019,10:00,21.48
10/25/2019,18:00,21.34
10/26/2019,2:00,21.48
10/26/2019,10:00,21.18
10/26/2019,18:00,20.2
10/27/2019,2:00,21.34
10/27/2019,10:00,21.75
10/27/2019,18:00,20.35
10/28/2019,2:00,20.78
10/28/2019,10:00,21.94
10/28/2019,18:00,20.92
10/29/2019,2:00,21.77
10/29/2019,10:00,20.11
10/29/2019,18:00,20.5
10/30/2019,2:00,20.64
10/30/2019,10:00,20.04
10/30/2019,18:00,20.64
10/31/2019,2:00,21.47
10/31/2019,10:00,23.9
10/31/2019,18:00,21.76
11/1/2019,2:00,21.35
11/1/2019,10:00,20.89
11/1/2019,18:00,20.91
11/2/2019,2:00,20.35
11/2/2019,10:00,21.75
11/2/2019,18:00,20.06
11/3/2019,2:00,21.2
11/3/2019,10:00,20.6
11/3/2019,18:00,21.48
11/4/2019,2:00,19.63
11/4/2019,10:00,21
11/4/2019,18:00,22.04
11/5/2019,2:00,19.49
11/5/2019,10:00,19.93
11/5/2019,18:00,21.47
11/6/2019,2:00,21.48
11/6/2019,10:00,22.85
11/6/2019,18:00,21.42
11/7/2019,2:00,21.13
11/7/2019,10:00,19.38
11/7/2019,18:00,21.35
11/8/2019,2:00,22.2
11/8/2019,10:00,21.63
11/8/2019,18:00,21.56
11/9/2019,2:00,21.63
11/9/2019,10:00,23.6
11/9/2019,18:00,20.35
11/10/2019,2:00,20.92
11/10/2019,10:00,20.45
11/10/2019,18:00,21.85
11/11/2019,2:00,21.56
11/11/2019,10:00,21.81
11/11/2019,18:00,21.56
11/12/2019,2:00,21.56
11/12/2019,10:00,22.03
11/12/2019,18:00,21.42
11/13/2019,2:00,21.56
11/13/2019,10:00,21.74
11/13/2019,18:00,20.34
11/14/2019,2:00,21.28
11/14/2019,10:00,21.06
11/14/2019,18:00,21.42
11/15/2019,2:00,19.47
11/15/2019,10:00,20.7
11/15/2019,18:00,19.84
11/16/2019,2:00,21.13
11/16/2019,10:00,21.45
11/16/2019,18:00,21.06
11/17/2019,2:00,21.21
11/17/2019,10:00,20.92
11/17/2019,18:00,21.35
11/18/2019,2:00,20.85
11/18/2019,10:00,20.76
11/18/2019,18:00,23.1
11/19/2019,2:00,21.56
11/19/2019,10:00,21.45
11/19/2019,18:00,20.22
11/20/2019,2:00,20.99
11/20/2019,10:00,20.74
11/20/2019,18:00,21.48
11/21/2019,2:00,19.95
11/21/2019,10:00,20.85
11/21/2019,18:00,20.56
11/22/2019,2:00,20.42
11/22/2019,10:00,21.42
11/22/2019,18:00,20.56
11/23/2019,2:00,21.28
11/23/2019,10:00,22.05
11/23/2019,18:00,21
11/24/2019,2:00,20.21
11/24/2019,10:00,21.45
11/24/2019,18:00,19.88
11/25/2019,2:00,21.13
11/26/2019,10:00,21.45
11/26/2019,18:00,21.94
11/27/2019,2:00,22.42
11/27/2019,10:00,22.9
11/27/2019,18:00,22.94
11/28/2019,2:00,23.27
11/28/2019,10:00,21.2
11/28/2019,18:00,23.34
11/29/2019,2:00,22.65
11/29/2019,10:00,22.13
11/29/2019,18:00,20.62
11/30/2019,2:00,21.8
11/30/2019,10:00,23.31
11/30/2019,18:00,21.85
12/1/2019,2:00,23.34
12/1/2019,10:00,21.4
12/1/2019,18:00,21.28
12/2/2019,2:00,20.76
12/2/2019,10:00,20.6
12/2/2019,18:00,21.92
12/3/2019,2:00,21.85
12/3/2019,10:00,21.45
12/3/2019,18:00,22.7
12/4/2019,2:00,20.49
12/4/2019,10:00,22.88
12/4/2019,18:00,21.32
12/5/2019,2:00,21.05
12/5/2019,10:00,22.32
12/5/2019,18:00,23.36
12/6/2019,2:00,22.54
12/6/2019,10:00,22.34
12/6/2019,18:00,23.14
12/7/2019,2:00,23.02
12/7/2019,10:00,22.39
12/7/2019,18:00,23.01
12/8/2019,2:00,22.07
12/8/2019,10:00,21.81
12/8/2019,18:00,21.93
12/9/2019,2:00,22.6
12/9/2019,10:00,22.63
12/9/2019,18:00,21.5
12/10/2019,2:00,23.14
12/10/2019,10:00,22.9
12/10/2019,18:00,21.8
12/11/2019,2:00,21.63
12/11/2019,10:00,23.44
12/11/2019,18:00,22.81
12/12/2019,2:00,22.99
12/12/2019,10:00,22.19
12/12/2019,18:00,23.25
12/13/2019,2:00,22.71
12/13/2019,10:00,23
12/13/2019,18:00,22.72
12/14/2019,2:00,21.97
12/14/2019,10:00,23.1
12/14/2019,18:00,22.46
12/15/2019,2:00,23.66
12/15/2019,10:00,21.54
12/15/2019,18:00,23.41
12/16/2019,2:00,22.18
12/16/2019,10:00,21.7
12/16/2019,18:00,21.91
12/17/2019,2:00,22.32
12/17/2019,10:00,21.9
12/17/2019,18:00,21.8
12/18/2019,2:00,21.78
12/18/2019,10:00,22.02
12/18/2019,18:00,21.76
12/19/2019,2:00,21.23
12/19/2019,10:00,21.63
12/19/2019,18:00,21.9
12/20/2019,2:00,21.37
12/20/2019,10:00,21.78
12/20/2019,18:00,21.36
12/21/2019,2:00,21.49
12/21/2019,10:00,21.92
12/21/2019,18:00,20.42
12/22/2019,2:00,21.49
12/22/2019,10:00,21.88
12/22/2019,18:00,22.05
12/23/2019,2:00,21.5
12/23/2019,10:00,21.81
12/23/2019,18:00,21.92
12/24/2019,2:00,20.28
12/24/2019,10:00,21.2
12/24/2019,18:00,21.64
12/25/2019,2:00,20.69
12/25/2019,10:00,20.66
12/25/2019,18:00,21.64
12/26/2019,2:00,21.92
12/26/2019,10:00,21.7
12/26/2019,18:00,21.61
12/27/2019,2:00,21.97
12/27/2019,10:00,21.77
12/27/2019,18:00,21.22
12/28/2019,2:00,21.76
12/28/2019,10:00,21.85
12/28/2019,18:00,21.36
12/29/2019,2:00,21.37
12/29/2019,10:00,21.64
12/29/2019,18:00,20.69
12/30/2019,2:00,21.37
12/30/2019,10:00,20.79
12/30/2019,18:00,23.14
12/31/2019,2:00,20.82
12/31/2019,10:00,20.44
12/31/2019,18:00,21.1
1/1/2020,2:00,20.96
1/1/2020,10:00,22.03
1/1/2020,18:00,21.37
1/3/2020,18:00,21.49
1/4/2020,2:00,21.03
1/5/2020,2:00,20.88
1/6/2020,10:00,21.38
1/6/2020,18:00,22.71
1/7/2020,2:00,22.21
1/8/2020,2:00,22.06
1/9/2020,2:00,22.63
1/9/2020,10:00,22.85
1/9/2020,18:00,22.78
1/10/2020,2:00,23.07
1/10/2020,10:00,22.06
1/10/2020,18:00,21.77
1/11/2020,2:00,23.22
1/11/2020,10:00,23.36
1/11/2020,18:00,22.92
1/12/2020,2:00,22.55
1/12/2020,10:00,22.46
1/12/2020,18:00,22.35
1/13/2020,2:00,21.77
1/13/2020,10:00,21.77
1/13/2020,18:00,21.49
1/14/2020,2:00,21.49
1/14/2020,18:00,20.06
1/15/2020,2:00,21.06
1/15/2020,10:00,21.23
1/15/2020,18:00,21.92
1/16/2020,2:00,21.63
1/16/2020,10:00,21.27
1/16/2020,18:00,22.35
1/17/2020,2:00,21.2
1/17/2020,10:00,21.78
1/17/2020,18:00,21.34
1/18/2020,2:00,21.49
1/18/2020,10:00,21.16
1/18/2020,18:00,21.42
1/19/2020,2:00,21.92
1/19/2020,10:00,22.5
1/19/2020,18:00,22.55
1/20/2020,2:00,22.71
1/20/2020,10:00,23.06
1/20/2020,18:00,22.05
1/21/2020,2:00,22.7
1/21/2020,10:00,22.21
1/21/2020,18:00,22.2
1/22/2020,2:00,22.05
1/22/2020,10:00,21.63
1/22/2020,18:00,21.91
1/23/2020,2:00,21.18
1/23/2020,10:00,21.92
1/23/2020,18:00,22.49
1/24/2020,2:00,22.05
1/24/2020,10:00,21.2
1/24/2020,18:00,21.92
1/25/2020,2:00,21.91
1/25/2020,10:00,22.12
1/25/2020,18:00,22.49
1/26/2020,2:00,22.35
1/26/2020,10:00,22.5
1/26/2020,18:00,22
1/27/2020,2:00,22.78
1/27/2020,10:00,22.92
1/27/2020,18:00,21.9
1/28/2020,2:00,21.92
1/28/2020,10:00,22.55
1/28/2020,18:00,22.63
1/29/2020,2:00,22.06
1/29/2020,10:00,22.78
1/29/2020,18:00,22.34
1/30/2020,2:00,22.62
1/30/2020,18:00,23.06
1/31/2020,2:00,22.47
1/31/2020,10:00,21.92
1/31/2020,18:00,22.21
2/1/2020,2:00,22.19
2/1/2020,10:00,22.35
2/1/2020,18:00,21.92
2/2/2020,2:00,20.76
2/2/2020,10:00,22.33
2/2/2020,18:00,19.63
2/3/2020,2:00,22.49
2/3/2020,10:00,20.19
2/3/2020,18:00,21.35
2/4/2020,2:00,21.63
2/4/2020,10:00,22.4
2/4/2020,18:00,21.76
2/5/2020,2:00,21.78
2/5/2020,10:00,22.76
2/5/2020,18:00,23.19
2/6/2020,2:00,22.92
2/6/2020,10:00,23.35
2/6/2020,18:00,21.33
2/7/2020,2:00,21.9
2/7/2020,10:00,23.07
2/7/2020,18:00,21.61
2/8/2020,2:00,23.33
2/8/2020,10:00,23.14
2/8/2020,18:00,22.93
2/9/2020,2:00,22.19
2/9/2020,10:00,22.06
2/10/2020,10:00,22.4
2/10/2020,18:00,23.2
2/11/2020,2:00,23.36
2/11/2020,10:00,23.05
2/11/2020,18:00,23.42
2/12/2020,2:00,22.49
2/12/2020,10:00,20.75
2/12/2020,18:00,22.19
2/13/2020,2:00,21.97
2/13/2020,10:00,22.19
2/13/2020,18:00,22.76
2/14/2020,2:00,23.05
2/14/2020,10:00,22.21
2/14/2020,18:00,22.47
2/15/2020,2:00,23.33
2/15/2020,10:00,23.94
2/15/2020,18:00,21.47
2/16/2020,2:00,23.04
2/16/2020,10:00,22.5
2/16/2020,18:00,22.93
2/17/2020,2:00,22.62
2/17/2020,10:00,23.57
2/17/2020,18:00,23.79
2/18/2020,2:00,23.9
2/18/2020,10:00,22.21
2/19/2020,2:00,22.06
2/19/2020,10:00,23.76
2/19/2020,18:00,22.06
2/20/2020,2:00,22.62
2/20/2020,10:00,22.76
2/20/2020,18:00,23.19
2/21/2020,2:00,22.64
2/21/2020,10:00,21.47
2/21/2020,18:00,22.19
2/22/2020,2:00,22.06
2/22/2020,10:00,22.21
2/22/2020,18:00,22.9
2/23/2020,2:00,23.19
2/23/2020,10:00,22.35
2/23/2020,18:00,22.9
2/24/2020,2:00,23.05
2/24/2020,10:00,23.2
2/24/2020,18:00,22.49
2/25/2020,2:00,22.9
2/25/2020,10:00,23.78
2/25/2020,18:00,23.22
2/26/2020,2:00,23.9
2/26/2020,10:00,23.33
2/27/2020,2:00,23.07
2/27/2020,10:00,24.28
2/27/2020,18:00,23.92
2/28/2020,2:00,23.39
2/28/2020,10:00,24.33
2/28/2020,18:00,23.9
2/29/2020,2:00,21.71
2/29/2020,10:00,22.76
2/29/2020,18:00,22.26
3/1/2020,2:00,22.14
3/1/2020,10:00,22.27
3/1/2020,18:00,19.61
3/2/2020,2:00,22.76
3/2/2020,10:00,22.7
3/2/2020,18:00,22.9
3/3/2020,2:00,22.19
3/3/2020,10:00,23.85
3/3/2020,18:00,23.71
3/4/2020,2:00,21.18
3/4/2020,10:00,22.07
3/4/2020,18:00,21.7
3/5/2020,2:00,23.04
3/5/2020,10:00,23.33
3/5/2020,18:00,21.93
3/6/2020,2:00,20.4
3/6/2020,18:00,22
3/7/2020,2:00,22.85
3/7/2020,18:00,22.9
3/8/2020,2:00,22.4
3/8/2020,10:00,21.9
3/8/2020,18:00,22.19
3/9/2020,2:00,23.9
3/9/2020,10:00,23.57
3/10/2020,2:00,22.9
3/10/2020,10:00,22.42
3/11/2020,2:00,23.04
3/11/2020,10:00,22.71
3/12/2020,2:00,23
3/12/2020,10:00,22.72
3/13/2020,2:00,22.76
3/13/2020,10:00,22.04
3/14/2020,2:00,23
3/14/2020,10:00,22.19
3/15/2020,2:00,22.76
3/16/2020,2:00,24.33
3/17/2020,2:00,23.62
3/17/2020,10:00,24.22
3/18/2020,2:00,22.9
3/18/2020,10:00,23.28
3/19/2020,2:00,22.18
3/19/2020,10:00,22.71
3/20/2020,2:00,22.04
3/20/2020,10:00,22.76
3/21/2020,2:00,21.9
3/21/2020,10:00,20.89
3/22/2020,2:00,22.12
3/22/2020,10:00,22.62
3/23/2020,2:00,22.18
3/23/2020,10:00,21.04
3/24/2020,2:00,22.9
3/24/2020,10:00,22.85
3/25/2020,2:00,22.19
3/25/2020,10:00,23.71
3/26/2020,2:00,22.18
3/26/2020,10:00,22.14
3/27/2020,2:00,22.18
3/28/2020,10:00,23.74
3/29/2020,2:00,23.3
3/29/2020,10:00,22.45
3/30/2020,2:00,21.33
3/30/2020,10:00,23.35
3/31/2020,2:00,22.9
3/31/2020,10:00,21.61
4/1/2020,2:00,21.83
4/1/2020,10:00,23.19
4/3/2020,2:00,23.57
4/3/2020,10:00,21.27
4/4/2020,2:00,20.51
4/4/2020,10:00,22.9
4/5/2020,2:00,22.48
4/5/2020,10:00,21.99
4/6/2020,2:00,22.49
4/6/2020,10:00,22.02
4/7/2020,2:00,24.09
4/7/2020,10:00,22.85
4/8/2020,2:00,24.38
4/8/2020,10:00,23.57
4/9/2020,2:00,23.86
4/9/2020,10:00,24.43
4/10/2020,2:00,24.29
4/10/2020,10:00,24.95
4/11/2020,2:00,23.28
4/11/2020,10:00,24.52
4/12/2020,2:00,23.85
4/12/2020,10:00,23.51
4/13/2020,2:00,24.37
4/13/2020,10:00,23.88
4/14/2020,2:00,24.52
4/14/2020,10:00,24.87
4/14/2020,18:00,24.45
4/15/2020,2:00,23.52
4/15/2020,10:00,23.28
4/15/2020,18:00,24.24
4/16/2020,2:00,23.95
4/16/2020,10:00,23.28
4/16/2020,18:00,24.43
4/17/2020,2:00,25.3
4/17/2020,10:00,24.57
4/17/2020,18:00,23.57
4/18/2020,2:00,24.95
4/18/2020,10:00,24.08
4/18/2020,18:00,23.85
4/19/2020,2:00,22.85
4/19/2020,10:00,24.37
4/19/2020,18:00,23.71
4/20/2020,2:00,24
4/20/2020,10:00,24.52
4/20/2020,18:00,24.37
5/3/2020,2:00,23.51
5/3/2020,10:00,22.85
5/3/2020,18:00,24.29
5/4/2020,2:00,22.29
5/4/2020,10:00,19.58
5/4/2020,18:00,22.42
5/5/2020,2:00,20.55
5/5/2020,10:00,22.2
5/5/2020,18:00,22.99
5/6/2020,2:00,22.28
5/6/2020,10:00,23.59
5/6/2020,18:00,22.63
5/7/2020,2:00,22.85
5/7/2020,10:00,21.64
5/7/2020,18:00,23.21
5/8/2020,2:00,22.63
5/8/2020,10:00,25
5/9/2020,2:00,18.18
5/9/2020,10:00,22.85
5/9/2020,18:00,24.74
5/10/2020,2:00,20.91
5/10/2020,10:00,22.42
5/10/2020,18:00,22.92
5/11/2020,2:00,23.6
5/11/2020,10:00,21.92
5/11/2020,18:00,22.35
5/12/2020,2:00,22.45
5/12/2020,10:00,24.65
5/12/2020,18:00,23.64
5/13/2020,2:00,23.07
5/13/2020,10:00,24.22
5/13/2020,18:00,23.21
5/14/2020,2:00,23.07
5/14/2020,10:00,23.46
5/14/2020,18:00,23.94
5/15/2020,2:00,23.78
5/15/2020,10:00,23.79
5/15/2020,18:00,23.74
5/16/2020,2:00,22.88
5/16/2020,10:00,23.5
5/16/2020,18:00,23.74
5/17/2020,2:00,22.93
5/17/2020,10:00,23.21
5/17/2020,18:00,24.03
5/18/2020,2:00,23.36
5/19/2020,2:00,23.74
5/19/2020,10:00,22.64
5/19/2020,18:00,23.64
5/20/2020,2:00,23.77
5/20/2020,10:00,23.07
5/20/2020,18:00,24.64
5/21/2020,2:00,24.07
5/21/2020,10:00,24.66
5/21/2020,18:00,24.35
5/22/2020,2:00,24.21
5/22/2020,10:00,24.31
5/22/2020,18:00,24.08
5/23/2020,2:00,23.35
5/23/2020,10:00,23.74
5/23/2020,18:00,24.37
5/24/2020,2:00,22.92
5/24/2020,10:00,23.89
5/24/2020,18:00,24.21
5/25/2020,2:00,24.51
5/25/2020,10:00,22.64
5/25/2020,18:00,23.6
5/26/2020,2:00,24.09
5/26/2020,10:00,22.92
5/26/2020,18:00,22.35
5/27/2020,2:00,23.17
5/27/2020,10:00,22.35
5/27/2020,18:00,22.92
5/28/2020,2:00,23.67
5/28/2020,10:00,23.5
5/28/2020,18:00,23.35
5/29/2020,2:00,23.5
5/29/2020,10:00,22.49
5/29/2020,18:00,23.35
5/30/2020,2:00,22.92
5/30/2020,10:00,21.88
5/30/2020,18:00,23.5
5/31/2020,2:00,21.92
5/31/2020,10:00,22.88
5/31/2020,18:00,22.64
6/1/2020,2:00,22.78
6/1/2020,10:00,21.35
6/1/2020,18:00,22.1
6/2/2020,2:00,22.35
6/2/2020,10:00,21.78
6/2/2020,18:00,22.02
6/3/2020,2:00,22.79
6/3/2020,10:00,22.49
6/3/2020,18:00,22.92
6/4/2020,2:00,22.45
6/4/2020,10:00,22.92
6/4/2020,18:00,23.35
6/5/2020,2:00,22.78
6/5/2020,10:00,25.09
6/5/2020,18:00,22.06
6/6/2020,2:00,22.78
6/6/2020,10:00,22.06
6/6/2020,18:00,22.92
6/7/2020,2:00,23.64
6/7/2020,10:00,21.81
6/7/2020,18:00,22.64
6/8/2020,2:00,21.92
6/8/2020,10:00,22.6
6/8/2020,18:00,24.37
6/9/2020,2:00,21.49
6/9/2020,10:00,21.78
6/9/2020,18:00,21.95
6/10/2020,2:00,23.07
6/10/2020,10:00,21.49
6/10/2020,18:00,22.13
6/11/2020,2:00,21.88
6/11/2020,10:00,22.35
6/11/2020,18:00,23.06
6/12/2020,2:00,20.92
6/12/2020,10:00,22.2
6/12/2020,18:00,22.39
6/13/2020,2:00,22.73
6/13/2020,18:00,22.53
6/14/2020,2:00,23.25
6/14/2020,10:00,22.63
6/14/2020,18:00,23.25
6/15/2020,2:00,23.1
6/15/2020,10:00,23.25
6/15/2020,18:00,23.2
6/16/2020,2:00,23.25
6/16/2020,10:00,23.96
6/16/2020,18:00,22.63
6/17/2020,2:00,23.96
6/17/2020,10:00,22.89
6/17/2020,18:00,25.54
6/18/2020,2:00,23.53
6/18/2020,10:00,23.96
6/18/2020,18:00,23.32
6/19/2020,2:00,23.35
6/19/2020,10:00,22.67
6/19/2020,18:00,23.03
6/20/2020,2:00,23.53
6/20/2020,10:00,23.25
6/20/2020,18:00,23.89
6/21/2020,2:00,23.67
6/21/2020,10:00,25.37
6/21/2020,18:00,24.39
6/22/2020,2:00,24.11
6/22/2020,10:00,23.92
6/22/2020,18:00,23.53
6/23/2020,2:00,24.54
6/24/2020,10:00,24.11
6/24/2020,18:00,23.78
6/25/2020,2:00,23.68
6/25/2020,10:00,24.39
6/25/2020,18:00,24.83
6/25/2020,21:40,26.65
6/26/2020,2:00,25.24
6/26/2020,10:00,25.26
6/26/2020,18:00,24.11
6/27/2020,2:00,25.08
6/27/2020,10:00,23.82
6/27/2020,18:00,25.26
6/28/2020,2:00,25.04
6/28/2020,10:00,24.54
6/28/2020,18:00,25.54
6/29/2020,2:00,25.4
6/29/2020,10:00,26.23
6/29/2020,18:00,25.69
6/30/2020,2:00,23.96
6/30/2020,10:00,25.08
6/30/2020,18:00,25.11
7/1/2020,2:00,25.26
7/1/2020,10:00,24.9
7/2/2020,10:00,25.13
7/2/2020,18:00,24.8
7/3/2020,2:00,23.82
7/3/2020,10:00,24.25
7/3/2020,18:00,24.82
7/4/2020,2:00,23.92
7/4/2020,10:00,25.4
7/4/2020,18:00,24.25
7/5/2020,2:00,23.35
7/5/2020,10:00,23.53
7/5/2020,18:00,24.61
7/6/2020,2:00,24.54
7/6/2020,10:00,24.25
7/6/2020,18:00,24.25
7/7/2020,2:00,24.39
7/7/2020,10:00,24.95
7/7/2020,18:00,23.25
7/8/2020,2:00,24.54
7/9/2020,2:00,24.4
7/9/2020,10:00,24.18
7/9/2020,18:00,23.92
7/10/2020,2:00,24.54
7/10/2020,10:00,24.39
7/10/2020,18:00,23.78
7/11/2020,2:00,23.68
7/11/2020,10:00,24.36
7/11/2020,18:00,24.78
7/12/2020,18:00,24.36
7/13/2020,2:00,24.95
7/13/2020,10:00,25.5
7/13/2020,18:00,25.36
7/14/2020,2:00,25.07
7/14/2020,10:00,25.07
7/14/2020,18:00,25.29
7/15/2020,2:00,26
7/15/2020,10:00,25.81
7/15/2020,18:00,24.35
7/16/2020,2:00,26.07
7/16/2020,10:00,24.65
7/16/2020,18:00,24.93
7/17/2020,2:00,26.22
7/17/2020,10:00,25
7/17/2020,18:00,24.65
7/18/2020,2:00,25.64
7/18/2020,10:00,25.93
7/18/2020,18:00,25.65
7/19/2020,2:00,24.93
7/19/2020,10:00,25.22
7/19/2020,18:00,25.22
7/20/2020,2:00,25.51
7/20/2020,10:00,24.64
7/20/2020,18:00,25.14
7/21/2020,2:00,25.06
7/21/2020,10:00,25.21
7/21/2020,18:00,24.79
7/22/2020,2:00,25.72
7/22/2020,10:00,24.35
7/22/2020,18:00,25.5
7/23/2020,2:00,24.21
7/23/2020,10:00,24.21
7/23/2020,18:00,24.78
7/24/2020,2:00,24.93
7/24/2020,10:00,24.15
7/24/2020,18:00,24.78
7/25/2020,2:00,25.93
7/25/2020,10:00,24.64
7/25/2020,18:00,24.79
7/26/2020,2:00,24.21
7/26/2020,10:00,25.22
7/26/2020,18:00,25.08
7/27/2020,2:00,25.07
7/27/2020,10:00,24.5
7/27/2020,18:00,24.79
7/28/2020,2:00,24.93
7/28/2020,10:00,25.79
7/28/2020,18:00,25.07
7/29/2020,2:00,24.5
7/29/2020,10:00,25.65
7/29/2020,18:00,24.64
7/30/2020,2:00,25.07
7/30/2020,10:00,25.21
7/30/2020,18:00,24.21
7/31/2020,2:00,24.78
7/31/2020,10:00,24.79
7/31/2020,18:00,25.07
8/1/2020,2:00,23.93
8/1/2020,10:00,25.51
8/1/2020,18:00,24.78
8/2/2020,2:00,25.65
8/2/2020,10:00,25.07
8/2/2020,18:00,23.42
8/3/2020,2:00,23.5
8/4/2020,10:00,23.93
8/4/2020,18:00,23.93
8/5/2020,2:00,24.56
8/5/2020,10:00,24.36
8/6/2020,2:00,25.69
8/6/2020,10:00,25.93
8/6/2020,18:00,25.65
8/7/2020,2:00,25.5
8/7/2020,10:00,25.32
8/7/2020,18:00,24.75
8/8/2020,2:00,25.13
8/8/2020,10:00,25.83
8/8/2020,18:00,24.89
8/9/2020,2:00,25.61
8/9/2020,10:00,24.96
8/9/2020,18:00,24.89
8/10/2020,2:00,24.89
8/10/2020,10:00,23.95
8/10/2020,18:00,24.66
8/11/2020,2:00,24.02
8/11/2020,10:00,24.95
8/11/2020,18:00,25.25
8/12/2020,2:00,23.44
8/12/2020,10:00,25.03
8/12/2020,18:00,24.38
8/13/2020,2:00,25.83
8/13/2020,10:00,25.03
8/13/2020,18:00,24.77
8/14/2020,2:00,24.24
8/14/2020,10:00,23.44
8/14/2020,18:00,24.17
8/15/2020,2:00,24.95
8/15/2020,10:00,25.76
8/15/2020,18:00,24.46
8/16/2020,2:00,24.51
8/16/2020,10:00,24.67
8/16/2020,18:00,25.18
8/17/2020,2:00,25.18
8/17/2020,10:00,25.01
8/17/2020,18:00,25
8/18/2020,2:00,23.2
8/18/2020,10:00,24.78
8/18/2020,18:00,25.83
8/19/2020,2:00,24.59
8/19/2020,10:00,25.22
8/19/2020,18:00,25.17
8/20/2020,2:00,24.95
8/20/2020,10:00,24.21
8/20/2020,18:00,23.94
8/21/2020,2:00,24.15
8/21/2020,10:00,23.63
8/21/2020,18:00,24.23
8/22/2020,2:00,23.92
8/22/2020,10:00,23.34
8/22/2020,18:00,23.92
8/23/2020,2:00,24.66
8/23/2020,10:00,23.72
8/23/2020,18:00,25.44
8/24/2020,2:00,24.72
8/24/2020,10:00,19.32
8/24/2020,18:00,24
8/25/2020,2:00,23.86
8/25/2020,10:00,24.65
8/25/2020,18:00,24.72
8/26/2020,2:00,24.58
8/26/2020,10:00,24.48
8/26/2020,18:00,24.66
8/27/2020,2:00,23.72
8/27/2020,10:00,25.09
8/27/2020,18:00,25.23
8/28/2020,2:00,25.83
8/28/2020,10:00,25.35
8/28/2020,18:00,23.26
8/29/2020,2:00,25.52
8/29/2020,10:00,24
8/29/2020,18:00,24.28
8/30/2020,2:00,25.19
8/30/2020,10:00,24
8/30/2020,18:00,24.72
8/31/2020,2:00,25.58
8/31/2020,10:00,25.15
8/31/2020,18:00,25.44
9/1/2020,2:00,24.69
9/1/2020,10:00,24.49
9/1/2020,18:00,23.71
9/2/2020,2:00,24.16
9/2/2020,10:00,23.76
9/2/2020,18:00,24.28
9/3/2020,2:00,24.72
9/3/2020,10:00,24.69
9/3/2020,18:00,24.08
9/4/2020,2:00,24.43
9/4/2020,10:00,24.4
9/4/2020,18:00,26.1
9/5/2020,2:00,24.14
9/5/2020,10:00,25.3
9/5/2020,18:00,24.55
9/6/2020,2:00,24.93
9/6/2020,10:00,24
9/6/2020,18:00,23.7
9/7/2020,2:00,24.5
9/7/2020,10:00,23.63
9/7/2020,18:00,22.85
9/8/2020,2:00,23.48
9/8/2020,10:00,22.99
9/8/2020,18:00,24.56
9/9/2020,2:00,23.66
9/9/2020,10:00,24.56
9/9/2020,18:00,23
9/10/2020,2:00,25.7
9/10/2020,10:00,24.99
9/10/2020,18:00,23.7
9/11/2020,2:00,22.99
9/11/2020,10:00,23.63
9/11/2020,18:00,23.42
9/12/2020,2:00,24.98
9/12/2020,18:00,23.13
9/13/2020,2:00,22.56
9/14/2020,10:00,23.7
9/14/2020,18:00,23.91
9/15/2020,2:00,23.42
9/15/2020,10:00,23.56
9/15/2020,18:00,24.27
9/16/2020,2:00,24.17
9/16/2020,10:00,23.13
9/16/2020,18:00,23.42
9/17/2020,2:00,23.48
9/17/2020,10:00,22.42
9/17/2020,18:00,22.7
9/18/2020,2:00,24.13
9/18/2020,10:00,22.56
9/18/2020,18:00,21.28
9/19/2020,2:00,22.99
9/19/2020,10:00,22.35
9/19/2020,18:00,24.56
9/20/2020,2:00,21.28
9/20/2020,10:00,23.34
9/20/2020,18:00,23.56
9/21/2020,2:00,22.7
9/21/2020,10:00,22.2
9/21/2020,18:00,23.56
9/22/2020,2:00,22.85
9/23/2020,10:00,22.85
9/23/2020,18:00,23.27
9/24/2020,2:00,22.12
9/24/2020,10:00,23.49
9/24/2020,18:00,22.78
9/25/2020,2:00,22.91
9/25/2020,10:00,23.99
9/25/2020,18:00,23.27
9/26/2020,2:00,23.3
9/26/2020,10:00,21.15
9/26/2020,18:00,22.74
9/27/2020,2:00,22.19
9/27/2020,10:00,22.47
9/27/2020,18:00,23.66
9/28/2020,2:00,22.46
9/28/2020,10:00,23.99
9/28/2020,18:00,22.54
9/29/2020,2:00,24.41
9/29/2020,10:00,23.71
9/29/2020,18:00,24.06
9/30/2020,2:00,23.8
9/30/2020,10:00,23.02
9/30/2020,18:00,23.85
10/1/2020,2:00,24.67
10/1/2020,10:00,24.13
10/1/2020,18:00,23.44
10/2/2020,2:00,22.55
10/2/2020,10:00,23.71
10/2/2020,18:00,23.16
10/3/2020,2:00,22.12
10/3/2020,10:00,22.96
10/3/2020,18:00,22.8
10/4/2020,2:00,21.84
10/4/2020,10:00,22.75
10/4/2020,18:00,21.78
10/5/2020,2:00,23.16
10/5/2020,10:00,21.85
10/5/2020,18:00,21.85
10/6/2020,2:00,21.85
10/6/2020,10:00,21.57
10/6/2020,18:00,21.15
10/7/2020,2:00,20.11
10/7/2020,10:00,21.49
10/7/2020,18:00,20.88
10/8/2020,2:00,20.46
10/8/2020,10:00,21.77
10/8/2020,18:00,21.36
10/9/2020,2:00,21.02
10/9/2020,10:00,21.91
10/9/2020,18:00,19.69
10/10/2020,2:00,21.08
10/10/2020,10:00,18.86
10/10/2020,18:00,20.52
10/11/2020,2:00,20.05
10/11/2020,10:00,21.43
10/11/2020,18:00,20.8
10/12/2020,2:00,20.8
10/12/2020,10:00,21.57
10/12/2020,18:00,21.36
10/13/2020,2:00,21.63
10/13/2020,10:00,23.5
10/14/2020,2:00,21.56
10/14/2020,10:00,22.26
10/14/2020,18:00,22.26
10/15/2020,2:00,20.66
10/15/2020,10:00,21.71
10/15/2020,18:00,22.27
10/16/2020,2:00,21.16
10/16/2020,10:00,21.01
10/16/2020,18:00,21.5
10/17/2020,2:00,20.32
10/17/2020,10:00,21.57
10/18/2020,18:00,21.15
10/19/2020,2:00,21.43
10/19/2020,10:00,23.15
10/19/2020,18:00,21.94
10/20/2020,2:00,21.15
10/20/2020,10:00,22.5
10/20/2020,18:00,21.99
10/25/2020,18:00,24.09
10/26/2020,2:00,24.09
10/26/2020,10:00,22.41
10/26/2020,18:00,24.51
10/27/2020,2:00,24.24
10/27/2020,10:00,24.53
10/27/2020,18:00,24.37
10/28/2020,2:00,23.25
10/28/2020,10:00,22.85
10/28/2020,18:00,21.01
10/29/2020,2:00,21.85
10/29/2020,10:00,21.5
10/29/2020,18:00,22.99
10/30/2020,2:00,21.85
10/30/2020,10:00,21.71
10/30/2020,18:00,21.3
10/31/2020,2:00,22.13
10/31/2020,10:00,22.05
10/31/2020,18:00,20.76
11/1/2020,2:00,20.88
11/1/2020,10:00,21.57
11/1/2020,18:00,21
11/2/2020,2:00,21.75
11/2/2020,10:00,21.29
11/2/2020,18:00,21.84
11/3/2020,2:00,22.33
11/3/2020,8:45,21.95
11/3/2020,10:00,21.43
11/3/2020,18:00,23.39
11/4/2020,2:00,23.67
11/4/2020,10:00,23.13
11/4/2020,18:00,23.39
11/5/2020,2:00,23.32
11/5/2020,10:00,24.02
11/5/2020,18:00,23.39
11/6/2020,2:00,22.37
11/6/2020,10:00,18.91
11/6/2020,18:00,22.44
11/7/2020,2:00,19.26
11/7/2020,10:00,15.13
11/7/2020,22:00,24.41
11/8/2020,10:00,23.25
11/8/2020,22:00,22.41
11/9/2020,10:00,23.81
11/10/2020,10:00,22.97
11/11/2020,10:00,22.55
11/12/2020,10:00,22.87
11/12/2020,22:00,22.83
11/13/2020,10:00,21.88
11/13/2020,22:00,23.25
11/14/2020,10:00,21.99
11/14/2020,22:00,23.29
11/15/2020,10:00,22.06
11/15/2020,22:00,22.72
11/16/2020,10:00,22.41
11/16/2020,22:00,21.22
11/17/2020,10:00,22.44
11/17/2020,22:00,21.8
11/18/2020,10:00,22.82
11/18/2020,22:00,22.27
11/19/2020,10:00,23.38
11/19/2020,22:00,23.38
11/20/2020,10:00,23.18
11/20/2020,22:00,23.94
11/23/2020,22:00,22.48
11/24/2020,10:00,22.89
11/24/2020,22:00,23.1
11/25/2020,10:00,22.23
11/25/2020,22:00,23.1
11/26/2020,10:00,23.24
11/26/2020,22:00,23.1
11/27/2020,10:00,22.82
11/27/2020,22:00,22.27
11/28/2020,10:00,23
11/28/2020,22:00,22.26
11/29/2020,10:00,21.99
11/29/2020,22:00,22.03
11/30/2020,10:00,22.2
11/30/2020,22:00,21.99
12/1/2020,10:00,21.8
12/1/2020,22:00,23.1
12/2/2020,10:00,22.31
12/2/2020,22:00,21.47
12/3/2020,10:00,22.31
12/3/2020,22:00,21.41
12/4/2020,10:00,21.08
12/4/2020,22:00,21.76
12/5/2020,10:00,22.03
12/5/2020,22:00,21.12
12/6/2020,10:00,21.15
12/6/2020,22:00,20.51
12/7/2020,10:00,21.56
12/7/2020,22:00,21.33
12/8/2020,10:00,19
12/8/2020,22:00,20.22
12/9/2020,10:00,21.33
12/9/2020,22:00,20.23
12/10/2020,10:00,20.98
12/10/2020,15:35,21.4
12/10/2020,22:00,19.95
12/11/2020,10:00,20.85
12/11/2020,22:00,21.06
12/12/2020,10:00,23.28
12/12/2020,22:00,21.54
12/13/2020,10:00,21.06
12/13/2020,22:00,21.19
12/14/2020,10:00,21.26
12/14/2020,22:00,20.44
12/15/2020,10:00,21.4
12/15/2020,22:00,21.13
12/16/2020,10:00,20.84
12/16/2020,22:00,20.91
12/17/2020,10:00,21.81
12/17/2020,22:00,22.02
12/19/2020,10:00,21.26
12/19/2020,22:00,21.95
12/20/2020,10:00,21.54
12/20/2020,22:00,21.61
12/21/2020,10:00,21.82
12/21/2020,22:00,21.95
12/22/2020,10:00,22.49
12/22/2020,22:00,21.27
12/23/2020,10:00,21.8
12/23/2020,22:00,21.54
12/24/2020,10:00,21.03
12/24/2020,22:00,22.49
12/25/2020,10:00,21.29
12/25/2020,22:00,22.18
12/26/2020,10:00,22.19
12/26/2020,22:00,21.85
12/28/2020,10:00,21.9
12/28/2020,22:00,22.82
12/29/2020,10:00,22.67
12/29/2020,22:00,22.95
12/30/2020,10:00,22.4
12/30/2020,22:00,22.26
12/31/2020,10:00,23.37
12/31/2020,22:00,22.82
1/1/2021,10:00,23.03
1/1/2021,22:00,22.82
1/2/2021,10:00,22.89
1/2/2021,22:00,23.93
1/3/2021,10:00,23.3
1/3/2021,22:00,23.17
1/4/2021,10:00,23.02
1/4/2021,22:00,23.23
1/5/2021,10:00,23.78
1/5/2021,22:00,23.58
1/6/2021,10:00,21.98
1/6/2021,22:00,23.02
1/7/2021,10:00,23.38
1/7/2021,22:00,22.53
1/8/2021,10:00,23.51
1/8/2021,22:00,23.14
1/9/2021,10:00,23.02
1/9/2021,22:00,23.45
1/10/2021,10:00,22.59
1/10/2021,22:00,23.16
1/11/2021,10:00,22.9
1/11/2021,22:00,22.88
1/12/2021,10:00,23.7
1/12/2021,22:00,23.28
1/13/2021,10:00,23.29
1/13/2021,22:00,23.34
1/14/2021,10:00,23.15
1/14/2021,22:00,23.48
1/15/2021,10:00,23.16
1/15/2021,22:00,22.27
1/16/2021,10:00,23.16
1/16/2021,22:00,23
1/17/2021,10:00,22.32
1/17/2021,22:00,23.77
1/18/2021,10:00,22.61
1/18/2021,22:00,23.6
1/19/2021,10:00,22.97
1/19/2021,22:00,21.88
1/20/2021,10:00,23.19
1/21/2021,10:00,23.29
1/21/2021,18:00,23.48
1/21/2021,22:00,23.21
1/22/2021,2:00,22.18
1/22/2021,10:00,23
1/22/2021,18:00,23.12
1/23/2021,2:00,22.94
1/23/2021,10:00,22.57
1/23/2021,18:00,22.71
1/24/2021,2:00,23.05
1/24/2021,10:00,23.01
1/24/2021,18:00,21.84
1/25/2021,2:00,22.61
1/25/2021,10:00,22.68
1/25/2021,18:00,23.89
1/26/2021,2:00,22.13
1/26/2021,10:00,22.53
1/26/2021,18:00,23.74
1/27/2021,2:00,21.83
1/27/2021,10:00,22.75
1/27/2021,18:00,22.42
1/28/2021,2:00,22.94
1/28/2021,10:00,23.12
1/28/2021,18:00,22.83
1/29/2021,2:00,23.01
1/29/2021,10:00,22.71
1/29/2021,18:00,23.12
1/30/2021,2:00,21.12
1/30/2021,18:00,22.75
1/31/2021,2:00,21.88
1/31/2021,10:00,22.45
1/31/2021,18:00,21.83
2/1/2021,2:00,22.83
2/1/2021,10:00,23.01
2/1/2021,18:00,21.84
2/2/2021,2:00,22.9
2/2/2021,10:00,22.46
2/2/2021,18:00,22.42
2/3/2021,2:00,22.13
2/3/2021,10:00,21.44
2/3/2021,18:00,22.57
2/4/2021,2:00,21.08
2/4/2021,10:00,22.69
2/4/2021,18:00,21.76
2/5/2021,2:00,22.05
2/5/2021,10:00,22.2
2/5/2021,18:00,21.92
2/6/2021,2:00,22.62
2/6/2021,10:00,22.06
2/6/2021,18:00,22.41
2/7/2021,2:00,21.57
2/7/2021,10:00,21.78
2/7/2021,18:00,22.62
2/8/2021,2:00,21.48
2/8/2021,10:00,22.68
2/8/2021,18:00,22.91
2/9/2021,10:00,22.76
2/9/2021,18:00,22.06
2/10/2021,2:00,22.9
2/10/2021,10:00,21.5
2/10/2021,18:00,23.61
2/11/2021,2:00,22.9
2/11/2021,10:00,22.35
2/11/2021,18:00,23.75
2/12/2021,2:00,23.75
2/12/2021,10:00,24.59
2/12/2021,18:00,22.91
2/13/2021,2:00,23.9
2/13/2021,10:00,23.46
2/13/2021,18:00,23.05
2/14/2021,2:00,25.17
2/14/2021,10:00,24.07
2/14/2021,18:00,24.59
2/15/2021,2:00,23.12
2/15/2021,10:00,24.03
2/15/2021,18:00,24.73
2/16/2021,2:00,23.47
2/16/2021,10:00,24.18
2/16/2021,18:00,24.45
2/17/2021,2:00,24.47
2/17/2021,10:00,24.6
2/17/2021,18:00,23.75
2/18/2021,2:00,24.38
2/18/2021,10:00,23.22
2/18/2021,18:00,24.46
2/19/2021,2:00,24.45
2/19/2021,10:00,24.17
2/19/2021,18:00,23.75
2/20/2021,2:00,23.61
2/20/2021,10:00,24.28
2/20/2021,18:00,24.6
2/21/2021,2:00,23.61
2/22/2021,10:00,24.02
2/22/2021,18:00,24.2
2/23/2021,2:00,24.05
2/23/2021,10:00,23.5
2/23/2021,18:00,23.71
2/24/2021,2:00,23.14
2/24/2021,10:00,25.76
2/24/2021,18:00,23.42
2/25/2021,2:00,24.39
2/25/2021,10:00,24.39
2/25/2021,18:00,23.42
2/26/2021,2:00,23.44
2/26/2021,10:00,23.33
2/27/2021,2:00,23.33
2/27/2021,10:00,24.49
2/27/2021,18:00,23.32
2/28/2021,2:00,23.11
2/28/2021,10:00,24.31
2/28/2021,18:00,24.06
3/1/2021,2:00,25.06
3/1/2021,10:00,25.39
3/1/2021,18:00,24.99
3/2/2021,2:00,25.05
3/2/2021,10:00,23.62
3/2/2021,18:00,24.74
3/3/2021,2:00,24.7
3/3/2021,10:00,23.77
3/3/2021,18:00,24.74
3/4/2021,2:00,24.99
3/4/2021,10:00,24.05
3/4/2021,18:00,23.95
3/5/2021,2:00,24.45
3/5/2021,10:00,24.62
3/5/2021,18:00,23.69
3/6/2021,2:00,24.81
3/6/2021,10:00,24.55
3/6/2021,18:00,25.06
3/7/2021,2:00,23.48
3/7/2021,10:00,24.7
3/7/2021,18:00,25.35
3/8/2021,2:00,24.42
3/8/2021,10:00,25.17
3/8/2021,18:00,24.98
3/9/2021,2:00,25.5
3/9/2021,10:00,25.46
3/9/2021,18:00,24.99
3/10/2021,2:00,25.21
3/10/2021,10:00,25.2
3/10/2021,18:00,24.99
3/11/2021,2:00,25.57
3/11/2021,10:00,24.33
3/11/2021,18:00,25.17
3/12/2021,2:00,25.32
3/12/2021,10:00,24.92
3/12/2021,18:00,24.84
3/13/2021,2:00,24.62
3/13/2021,10:00,24.77
3/13/2021,18:00,24.91
3/14/2021,2:00,24.32
3/18/2021,10:00,24.32
3/18/2021,18:00,24.7
3/19/2021,2:00,24.26
3/19/2021,10:00,24.4
3/19/2021,18:00,24.64
3/20/2021,2:00,24.26
3/20/2021,10:00,25.35
3/20/2021,18:00,24.03
3/21/2021,2:00,23.74
3/21/2021,18:00,24.85
3/22/2021,2:00,24.71
3/22/2021,10:00,23.97
3/22/2021,18:00,24.79
3/23/2021,2:00,24.03
3/23/2021,10:00,23.91
3/23/2021,18:00,24.92
3/24/2021,2:00,23.3
3/24/2021,10:00,24.67
3/24/2021,18:00,24.34
3/25/2021,2:00,23.91
3/25/2021,10:00,24.67
3/25/2021,18:00,23.18
3/26/2021,2:00,23.89
3/26/2021,10:00,23.3
3/26/2021,18:00,24.75
3/27/2021,2:00,24.53
3/27/2021,10:00,22.87
3/27/2021,18:00,24.38
3/28/2021,2:00,24.18
3/28/2021,10:00,24.4
3/28/2021,18:00,22
3/29/2021,2:00,24.38
3/29/2021,10:00,24.45
3/29/2021,18:00,22.91
3/30/2021,2:00,23.35
3/31/2021,10:00,23.6
3/31/2021,18:00,23.42
4/1/2021,2:00,23.65
4/1/2021,10:00,24.23
4/1/2021,18:00,23.74
4/2/2021,2:00,23.96
4/2/2021,10:00,24.23
4/2/2021,18:00,23.6
4/3/2021,2:00,23.94
4/3/2021,10:00,22.56
4/3/2021,17:00,23.89
4/4/2021,10:00,22.56
4/4/2021,18:00,25.13
4/5/2021,2:00,22.86
4/5/2021,10:00,23.5
4/8/2021,18:00,24.18
4/9/2021,2:00,22.72
4/9/2021,10:00,24.04
4/9/2021,18:00,23.82
4/10/2021,2:00,23.86
4/10/2021,10:00,24.04
4/10/2021,22:00,23.6
4/11/2021,10:00,22.87
4/11/2021,21:00,24.55
4/12/2021,9:00,24.89
4/12/2021,10:45,25.24
4/12/2021,12:45,24.82
4/12/2021,14:45,24.82
4/12/2021,16:45,25.08
4/12/2021,19:00,25.35
4/12/2021,21:00,24.91
4/12/2021,23:00,24.95
4/13/2021,1:00,25.3
4/13/2021,3:00,25.2
4/13/2021,7:00,24.59
4/13/2021,8:45,25.35
4/13/2021,9:00,25.21
4/13/2021,11:00,25.2
4/13/2021,13:00,24.26
4/13/2021,15:00,25.36
4/13/2021,17:40,25.21
4/13/2021,19:00,24.6
4/13/2021,21:00,24.81
4/13/2021,23:00,24.45
4/14/2021,1:00,25.77
4/14/2021,3:00,25.48
4/14/2021,5:00,25.5
4/14/2021,8:45,25.5
4/14/2021,9:00,25.36
4/14/2021,21:00,24.64
4/15/2021,9:00,24.04
4/15/2021,21:00,25.36
4/16/2021,9:00,25.19
4/16/2021,21:00,23.85
4/17/2021,9:00,24.11
4/17/2021,21:00,25.01
4/18/2021,21:00,24.4
4/19/2021,9:00,24.87
4/21/2021,9:00,24.68
4/21/2021,21:00,23.88
4/22/2021,9:00,25.26
4/22/2021,21:00,25.03
4/23/2021,9:00,25.29
4/23/2021,21:00,25.19
4/24/2021,9:00,24.59
4/24/2021,21:00,25.33
4/25/2021,9:00,24.68
4/25/2021,21:00,25.15
4/26/2021,9:00,25.01
4/26/2021,21:00,24.11
4/27/2021,9:00,24.9
4/27/2021,21:00,25.23
4/28/2021,9:00,25.15
4/28/2021,21:00,24.95
4/29/2021,9:00,24.4
4/29/2021,21:00,23.19
4/30/2021,9:00,24.17
4/30/2021,21:00,24.82
5/1/2021,9:00,24.44
5/1/2021,21:00,25.09
5/2/2021,9:00,25.75
5/2/2021,21:00,25.16
5/3/2021,9:00,24.25
5/3/2021,21:00,23.76
5/4/2021,9:00,24.89
5/4/2021,21:00,24.54
5/5/2021,9:00,23.5
5/5/2021,21:00,24.17
5/6/2021,9:00,24.35
5/6/2021,21:00,23.52
5/7/2021,9:00,23.12
5/7/2021,21:00,24.18
5/8/2021,9:00,24.59
5/8/2021,21:00,24.11
5/9/2021,9:00,22.79
5/9/2021,21:00,23.95
5/10/2021,9:00,23.9
5/10/2021,21:00,23.64
5/11/2021,9:00,23.42
5/11/2021,21:00,24.37
5/12/2021,9:00,23.99
5/12/2021,21:00,23.71
5/13/2021,9:00,23.26
5/13/2021,21:00,23.85
5/14/2021,9:00,23.5
5/14/2021,21:00,22.75
5/15/2021,9:00,23.42
5/15/2021,21:00,23.94
5/16/2021,9:00,23.85
5/16/2021,21:00,23.2
5/17/2021,9:00,22.25
5/17/2021,21:00,23.7
5/18/2021,9:00,22.78
5/18/2021,21:00,22.83
5/19/2021,9:00,22.85
5/19/2021,21:00,23.94
5/20/2021,9:00,24.24
5/20/2021,21:00,23.57
5/21/2021,21:00,24.16
5/22/2021,9:00,23.4
5/22/2021,17:00,23.67
5/23/2021,1:00,21.99
5/23/2021,9:00,23.07
5/23/2021,17:00,22.68
5/24/2021,1:00,23.95
5/24/2021,9:00,23.36
5/24/2021,18:00,22.4
5/25/2021,1:00,23.81
5/25/2021,9:00,23.57
5/25/2021,17:00,23.79
5/26/2021,1:00,23.26
5/26/2021,9:00,23.42
5/26/2021,17:00,21.63
5/27/2021,1:00,23.83
5/27/2021,9:00,23.73
5/27/2021,17:00,22.42
5/28/2021,1:00,21.92
5/28/2021,9:00,23.16
6/28/2021,9:00,23.35
6/28/2021,17:00,22.29
6/29/2021,2:00,22.22
6/29/2021,9:00,22.57
6/29/2021,17:00,23.18
6/30/2021,1:00,22.36
6/30/2021,9:00,23.05
6/30/2021,17:00,22.58
7/1/2021,1:00,22.73
7/1/2021,9:00,22.8
7/1/2021,17:00,21.99
7/2/2021,1:00,23.5
7/2/2021,9:00,24.04
7/2/2021,17:00,22.8
7/3/2021,1:00,23.17
7/3/2021,9:00,22.97
7/3/2021,17:00,22.42
7/4/2021,1:00,22.27
7/4/2021,23:00,23.12
7/5/2021,9:00,21.98
7/5/2021,21:00,21.69
7/6/2021,10:00,23.5
7/6/2021,22:00,22.5
7/7/2021,10:00,23.57
7/7/2021,22:00,23.96
7/8/2021,10:00,24.67
7/8/2021,22:00,23.57
7/9/2021,10:00,22.88
7/10/2021,2:00,23.92
7/10/2021,10:00,24.33
7/10/2021,22:00,23.46
7/11/2021,10:00,23.88
7/11/2021,22:00,23.49
7/12/2021,10:00,23.33
7/12/2021,22:00,23.57
7/13/2021,10:00,24.35
7/13/2021,22:00,22.58
7/14/2021,10:00,23.48
7/14/2021,22:00,22.05
7/15/2021,10:00,22.07
7/15/2021,22:00,22.88
7/16/2021,10:00,22.73
7/16/2021,22:00,23.42
7/17/2021,10:00,23.31
7/17/2021,22:00,21.84
7/18/2021,10:00,23.63
7/18/2021,22:00,22.79
7/19/2021,10:00,23.27
7/19/2021,22:00,23.77
7/20/2021,10:00,23.18
7/20/2021,22:00,23.72
7/21/2021,10:00,23.33
7/21/2021,22:00,23.62
7/22/2021,10:00,23.55
7/22/2021,22:00,22.5
7/23/2021,10:00,24.31
7/23/2021,22:00,23.85
7/24/2021,10:00,23.18
7/24/2021,22:00,23.72
7/26/2021,10:00,23.48
7/26/2021,22:00,22.65
7/27/2021,10:00,23.27
7/27/2021,22:00,22.72
7/28/2021,10:00,22.88
7/28/2021,22:00,23.27
7/29/2021,10:00,23.92
7/29/2021,22:00,23.48
7/30/2021,10:00,24.07
7/30/2021,22:00,22.65
7/31/2021,10:00,22.36
7/31/2021,22:00,22.83
8/1/2021,10:00,23.92
8/1/2021,22:00,23.27
8/2/2021,10:00,23.43
8/2/2021,22:00,23.92
8/3/2021,10:00,24.15
8/3/2021,22:00,23.73
8/4/2021,10:00,23.86
8/4/2021,22:00,24.07
8/5/2021,10:00,23.77
8/5/2021,22:00,22.82
8/6/2021,10:00,22.69
8/6/2021,22:00,22.73
8/7/2021,10:00,23.55
8/7/2021,22:00,22.99
8/8/2021,10:00,23.27
8/8/2021,22:00,23.33
8/9/2021,10:00,23.16
8/9/2021,22:00,23.12
8/10/2021,10:00,23.48
8/10/2021,22:00,22.44
8/11/2021,22:00,22.98
8/12/2021,10:00,23.12
8/12/2021,22:00,23.7
8/13/2021,10:00,23.26
8/13/2021,22:00,23.98
8/14/2021,10:00,23.6
8/14/2021,22:00,23.39
8/15/2021,10:00,23.83
8/15/2021,22:00,23.07
8/16/2021,10:00,23.84
8/16/2021,22:00,23.83
8/17/2021,10:00,23.77
8/17/2021,22:00,23.98
8/18/2021,10:00,22.54
8/18/2021,22:00,22.97
8/19/2021,10:00,23.65
8/19/2021,22:00,22.48
8/20/2021,10:00,22.52
8/20/2021,22:00,23.31
8/21/2021,10:00,21.91
8/21/2021,22:00,23.58
8/22/2021,10:00,22.28
8/22/2021,22:00,21.65
8/24/2021,10:00,22.78
8/24/2021,22:00,23.17
8/25/2021,10:00,21.92
8/25/2021,22:00,22.38
8/26/2021,10:00,22.01
8/26/2021,22:00,21.65
8/27/2021,10:00,22.38
8/27/2021,22:00,22.08
8/28/2021,10:00,22.31
8/28/2021,22:00,22.38
8/29/2021,10:00,21.65
8/29/2021,22:00,21.5
8/30/2021,10:00,21.35
8/30/2021,22:00,21.51
8/31/2021,10:00,22.44
8/31/2021,22:00,22.94
9/1/2021,10:00,22.78
9/1/2021,22:00,23.37
9/2/2021,10:00,23.26
9/2/2021,22:00,23.58
9/3/2021,10:00,22.94
9/3/2021,22:00,22.99
9/4/2021,10:00,23.57
9/4/2021,22:00,23.34
9/5/2021,22:00,23.52
9/6/2021,10:00,22.44
9/6/2021,22:00,22.96
9/7/2021,10:00,22.54
9/7/2021,22:00,22.84
9/8/2021,10:00,23.66
9/8/2021,22:00,21.49
9/9/2021,10:00,23.52
9/9/2021,22:00,23.23
9/10/2021,10:00,22.96
9/10/2021,22:00,23.26
9/11/2021,10:00,22.54
9/11/2021,22:00,23.35
9/12/2021,10:00,23.62
9/12/2021,22:00,22.27
9/13/2021,10:00,23.22
9/13/2021,22:00,23.49
9/14/2021,10:00,22.43
9/14/2021,22:00,23.25
9/15/2021,10:00,23.09
9/15/2021,22:00,22.7
9/16/2021,10:00,23.62
9/16/2021,22:00,22.83
9/17/2021,10:00,23.88
9/17/2021,22:00,24.14
9/18/2021,10:00,24.14
9/18/2021,22:00,24.47
9/19/2021,10:00,23.75
9/19/2021,22:00,23.75
9/20/2021,10:00,24.8
9/20/2021,22:00,23.75
9/21/2021,10:00,24.27
9/21/2021,22:00,24.91
9/22/2021,10:00,24.53
9/23/2021,18:00,24.14
9/24/2021,2:00,23.62
9/24/2021,10:00,24.39
9/24/2021,18:00,23.62
9/25/2021,2:00,24.27
9/25/2021,10:00,24.32
9/25/2021,18:00,23.75
9/26/2021,2:00,23.88
9/26/2021,10:00,24.27
9/26/2021,18:00,24.73
9/27/2021,2:00,22.96
9/27/2021,10:00,23.88
9/27/2021,18:00,24.93
9/28/2021,2:00,24.67
9/28/2021,10:00,24.4
9/28/2021,18:00,24.4
9/29/2021,2:00,24.6
9/29/2021,10:00,24.14
9/29/2021,18:00,23.62
9/30/2021,2:00,24.21
9/30/2021,10:00,23.88
9/30/2021,18:00,23.75
10/1/2021,2:00,23.29
10/1/2021,10:00,23.88
10/1/2021,18:00,23.88
10/2/2021,2:00,23.75
10/2/2021,10:00,24.01
10/2/2021,18:00,24.01
10/3/2021,2:00,23.88
10/3/2021,10:00,24.08
10/3/2021,18:00,23.88
10/4/2021,2:00,24.27
10/4/2021,10:00,24.4
10/4/2021,18:00,24.01
10/5/2021,2:00,23.88
10/5/2021,10:00,23.22
10/5/2021,18:00,24.14
10/6/2021,2:00,24.01
10/6/2021,10:00,23.75
10/6/2021,18:00,23.75
10/7/2021,2:00,23.82
10/7/2021,10:00,23.62
10/7/2021,18:00,22.63
10/8/2021,2:00,22.92
10/8/2021,10:00,23.22
10/8/2021,18:00,23.79
10/9/2021,2:00,23.35
10/9/2021,10:00,23.65
10/9/2021,18:00,23.8
10/10/2021,2:00,23.64
10/10/2021,10:00,24.34
10/10/2021,18:00,24.37
10/11/2021,2:00,23.5
10/12/2021,2:00,23.65
10/12/2021,10:00,23.79
10/12/2021,18:00,24.02
10/13/2021,2:00,23.06
10/13/2021,10:00,22.92
10/13/2021,18:00,24.09
10/14/2021,2:00,23.95
10/14/2021,10:00,24.11
10/14/2021,18:00,23.58
10/15/2021,2:00,24.16
10/15/2021,10:00,24.36
10/15/2021,18:00,23
10/16/2021,2:00,23.28
10/16/2021,10:00,23.36
10/16/2021,18:00,22.93
10/17/2021,2:00,22.63
10/17/2021,10:00,22.64
10/17/2021,18:00,22.06
10/18/2021,2:00,22.92
10/18/2021,10:00,22.5
10/18/2021,18:00,21.92
10/19/2021,2:00,21.77
10/19/2021,10:00,22.57
10/19/2021,18:00,21.92
10/20/2021,2:00,22.49
10/20/2021,10:00,21.91
10/20/2021,18:00,22.5
10/21/2021,2:00,21.49
10/21/2021,10:00,21.55
10/21/2021,18:00,22.5
10/22/2021,2:00,20.91
10/22/2021,10:00,22.78
10/22/2021,18:00,22.12
10/23/2021,2:00,23.07
10/23/2021,10:00,22.78
10/23/2021,18:00,23.23
10/24/2021,2:00,23.43
10/24/2021,10:00,22.93
10/24/2021,18:00,23.65
10/25/2021,2:00,23.58
10/25/2021,10:00,23.1
10/25/2021,18:00,22.93
10/26/2021,2:00,23
10/26/2021,10:00,23.72
10/26/2021,18:00,22.21
10/27/2021,2:00,23.94
10/27/2021,10:00,24.08
10/27/2021,18:00,23.22
10/28/2021,2:00,22.5
10/28/2021,10:00,23.35
10/28/2021,18:00,24.23
10/29/2021,2:00,23.07
10/29/2021,10:00,24.07
10/29/2021,18:00,24.37
10/30/2021,2:00,24.88
10/30/2021,10:00,24.51
10/30/2021,18:00,24.21
10/31/2021,2:00,24.88
10/31/2021,10:00,24.66
10/31/2021,18:00,24
11/1/2021,2:00,24.51
11/1/2021,10:00,24.37
11/1/2021,18:00,24.37
11/2/2021,2:00,24.51
11/2/2021,10:00,24.2
11/2/2021,18:00,22.83
11/3/2021,2:00,23.44
11/3/2021,10:00,23.36
11/3/2021,18:00,22.8
11/4/2021,2:00,22.71
11/4/2021,10:00,23.02
11/4/2021,18:00,23.05
11/5/2021,2:00,25.67
11/5/2021,10:00,22.48
11/5/2021,18:00,22.9
11/6/2021,2:00,22.9
11/6/2021,10:00,22.96
11/6/2021,18:00,23.02
11/7/2021,2:00,22.67
11/7/2021,10:00,22.59
11/7/2021,18:00,22.96
11/8/2021,2:00,22.72
11/8/2021,10:00,22.71
11/8/2021,18:00,21.51
11/9/2021,2:00,22
11/9/2021,10:00,22.3
11/9/2021,18:00,22.23
11/10/2021,2:00,22.24
11/10/2021,10:00,21.82
11/10/2021,18:00,20.9
11/11/2021,2:00,21.75
11/11/2021,10:00,22.42
11/11/2021,18:00,22.61
11/12/2021,2:00,22.59
11/12/2021,10:00,22.84
11/12/2021,18:00,21.95
11/13/2021,2:00,22.66
11/13/2021,10:00,22.3
11/14/2021,10:00,22.9
11/14/2021,18:00,23.01
11/15/2021,2:00,22.3
11/15/2021,10:00,23.19
11/15/2021,18:00,22.24
11/16/2021,2:00,23.62
11/16/2021,10:00,23.43
11/16/2021,18:00,23.2
11/17/2021,2:00,23.26
11/17/2021,10:00,22.78
11/17/2021,18:00,22.71
11/18/2021,2:00,23.32
11/18/2021,10:00,23.03
11/18/2021,18:00,23.43
11/19/2021,2:00,23.38
11/19/2021,10:00,23.62
11/19/2021,18:00,23.27
11/25/2021,18:00,23.55
11/26/2021,2:00,24.41
11/26/2021,10:00,24.47
11/26/2021,18:00,23.91
11/27/2021,2:00,24.29
11/27/2021,10:00,24.47
11/27/2021,18:00,24.25
11/28/2021,2:00,24.76
11/28/2021,10:00,24.95
11/28/2021,18:00,23.94
11/29/2021,2:00,24.79
11/29/2021,10:00,24.57
11/29/2021,18:00,24.95
11/30/2021,2:00,23.56
11/30/2021,10:00,24.44
11/30/2021,18:00,24.89
12/1/2021,2:00,23.81
12/1/2021,10:00,24.41
12/1/2021,18:00,24.57
12/2/2021,2:00,24.82
12/2/2021,10:00,24.79
12/2/2021,18:00,24.76
12/3/2021,2:00,24.95
12/3/2021,10:00,22.57
12/3/2021,18:00,24.79
12/4/2021,2:00,24.44
12/4/2021,10:00,24.5
12/4/2021,18:00,24.53
12/5/2021,2:00,24.32
12/5/2021,10:00,24.57
12/5/2021,18:00,22.8
12/6/2021,2:00,24.66
12/6/2021,10:00,24.38
12/6/2021,18:00,24.06
12/7/2021,2:00,24.41
12/7/2021,10:00,24.32
12/7/2021,18:00,24.38
12/8/2021,2:00,22.92
12/8/2021,10:00,23.98
12/8/2021,18:00,24.19
12/9/2021,2:00,22.8
12/9/2021,10:00,23.75
12/9/2021,18:00,23.62
12/10/2021,2:00,24
12/10/2021,10:00,23.88
12/10/2021,18:00,23.56
12/11/2021,2:00,23.68
12/11/2021,10:00,22.92
12/11/2021,18:00,23.12
12/12/2021,2:00,23.81
12/12/2021,10:00,23.05
12/12/2021,18:00,24.39
12/13/2021,2:00,23.18
12/14/2021,2:00,23.12
12/14/2021,10:00,23.56
12/14/2021,18:00,22.92
12/15/2021,2:00,24.01
12/15/2021,10:00,23.56
12/15/2021,18:00,23.68
12/16/2021,2:00,22.8
12/16/2021,10:00,23.56
12/16/2021,18:00,23.43
12/17/2021,2:00,23.56
12/17/2021,10:00,23.37
12/17/2021,18:00,23.5
12/18/2021,2:00,23.75
12/18/2021,10:00,23.37
12/18/2021,18:00,23.55
12/19/2021,2:00,23.56
12/19/2021,10:00,22.29
12/19/2021,18:00,22.23
12/20/2021,2:00,23.68
12/20/2021,10:00,22.54
12/20/2021,18:00,22.74
12/21/2021,2:00,22.55
12/21/2021,10:00,22.67
12/21/2021,18:00,21.78
12/22/2021,2:00,21.72
12/22/2021,10:00,22.67
12/22/2021,18:00,21.15
12/23/2021,2:00,22.74
12/23/2021,10:00,21.79
12/23/2021,18:00,21.91
12/24/2021,2:00,22.35
12/24/2021,10:00,22.48
12/24/2021,18:00,22.67
12/25/2021,2:00,21.02
12/25/2021,10:00,22.74
12/25/2021,18:00,22.19
12/26/2021,2:00,22.67
12/26/2021,10:00,22.86
12/26/2021,18:00,22.94
12/27/2021,2:00,23.44
12/27/2021,10:00,22.92
12/27/2021,18:00,22.89
12/28/2021,2:00,23.26
12/28/2021,10:00,23.3
12/28/2021,18:00,23.78
12/29/2021,2:00,22.82
12/29/2021,10:00,23.31
12/29/2021,18:00,22.79
12/30/2021,2:00,22.76
12/30/2021,10:00,22.42
12/30/2021,18:00,22.28
12/31/2021,2:00,22.12
12/31/2021,10:00,22.05
12/31/2021,18:00,23
1/1/2022,2:00,20.88
1/1/2022,10:00,22.11
1/1/2022,18:00,22.23
1/2/2022,2:00,21.62
1/2/2022,10:00,22.76
1/2/2022,18:00,23.2
1/3/2022,2:00,23.44
1/3/2022,10:00,23.15
1/3/2022,18:00,23.32
1/4/2022,2:00,23.37
1/4/2022,10:00,22.8
1/4/2022,18:00,23.53
1/5/2022,2:00,24.09
1/5/2022,10:00,24.04
1/5/2022,18:00,24.17
1/6/2022,2:00,24.47
1/6/2022,10:00,24.58
1/6/2022,18:00,23.81
1/7/2022,2:00,23.68
1/7/2022,10:00,24.65
1/7/2022,18:00,24.65
1/8/2022,2:00,23.91
1/8/2022,10:00,23.9
1/8/2022,18:00,24.58
1/9/2022,2:00,23.04
1/9/2022,10:00,23.57
1/9/2022,18:00,24.01
1/10/2022,2:00,23.18
1/10/2022,10:00,23.91
1/10/2022,18:00,23.5
1/11/2022,2:00,24.2
1/11/2022,10:00,23.15
1/11/2022,18:00,24.2
1/12/2022,2:00,24.58
1/12/2022,10:00,24.32
1/12/2022,18:00,24.33
1/13/2022,2:00,24.71
1/13/2022,10:00,24.45
1/13/2022,18:00,24.07
1/14/2022,2:00,24.71
1/14/2022,10:00,24.9
1/14/2022,18:00,24.2
1/15/2022,2:00,25.22
1/15/2022,10:00,25.15
,,
